Action,Time,ISIN,Ticker,Name,No. of shares,Price / share,Currency (Price / share),Exchange rate,Result,Currency (Result),Total,Currency (Total),Withholding tax,Currency (Withholding tax),Stamp duty reserve tax,Currency (Stamp duty reserve tax),Notes,ID,Currency conversion fee,Currency (Currency conversion fee)
Deposit,2024-07-22 06:56:25.151,,,,,,,,,,10.00,"GBP",,,,,"Transaction ID: 2b3efd51-9d70-4c79-acad-928f878604c1",1d2f7547-5964-434a-a064-8ace6da70f4e,,
Deposit,2024-07-22 07:24:23.287,,,,,,,,,,1000.00,"GBP",,,,,"Transaction ID: 1adf9723-ac88-4980-a2eb-7a7242997b6c",4271926a-ecca-4be7-9194-097e96670bde,,
Market buy,2024-07-22 07:36:49.485,IE00BKX55T58,VEVE,"Vanguard FTSE Developed World (Dist)",1.0045190000,79.64,GBP,1.00000,,"GBP",80.00,"GBP",,,,,,EOF17750698826,,
Market buy,2024-07-22 07:36:50.092,JE00BJ1DLW90,EMG,"Man Group",7.8802202000,253.80,GBX,100.00000,,"GBP",20.00,"GBP",,,,,,EOF17750698830,,
Market buy,2024-07-22 07:36:50.902,GB0005603997,LGEN,"Legal & General",21.8782950000,227.40,GBX,100.00000,,"GBP",50.00,"GBP",,,0.25,"GBP",,EOF17750698834,,
Market buy,2024-07-22 07:36:50.942,GB00BDR05C01,NG,"National Grid",6.2909896000,949.00,GBX,100.00000,,"GBP",60.00,"GBP",,,0.30,"GBP",,EOF17750698838,,
Market buy,2024-07-22 07:36:51.256,GB0031348658,BARC,"Barclays",13.0580691000,228.60,GBX,100.00000,,"GBP",30.00,"GBP",,,0.15,"GBP",,EOF17750698848,,
Market buy,2024-07-22 07:36:53.911,GB0007188757,RIO,"Rio Tinto",0.4053054300,4910.00,GBX,100.00000,,"GBP",20.00,"GBP",,,0.10,"GBP",,EOF17750698882,,
Market buy,2024-07-22 07:36:54.387,GB0008706128,LLOY,"Lloyds Banking Group",33.6384330000,59.16,GBX,100.00000,,"GBP",20.00,"GBP",,,0.10,"GBP",,EOF17750698892,,
Market buy,2024-07-22 07:36:54.417,GB00BN7SWP63,GSK,"GSK",1.9567843900,1525.50,GBX,100.00000,,"GBP",30.00,"GBP",,,0.15,"GBP",,EOF17750698902,,
Market buy,2024-07-22 07:36:54.433,GB0032089863,NXT,"Next",0.3356278900,8894.00,GBX,100.00000,,"GBP",30.00,"GBP",,,0.15,"GBP",,EOF17750698906,,
Market buy,2024-07-22 07:36:54.447,GB00BGXQNP29,PHNX,"Phoenix",5.5484657000,538.00,GBX,100.00000,,"GBP",30.00,"GBP",,,0.15,"GBP",,EOF17750698913,,
Market buy,2024-07-22 07:36:54.462,GB0002875804,BATS,"British American Tobacco",1.1610558500,2571.00,GBX,100.00000,,"GBP",30.00,"GBP",,,0.15,"GBP",,EOF17750698917,,
Market buy,2024-07-22 07:36:55.139,IE00B3XXRP09,VUSA,"Vanguard S&P 500 (Dist)",0.9874090000,81.02,GBP,1.00000,,"GBP",80.00,"GBP",,,,,,EOF17750698931,,
Market buy,2024-07-22 07:36:59.769,IE00BMFKG444,XNAQ,"Xtrackers NASDAQ 100 (Acc)",5.4371120000,34.95,GBP,1.00000,,"GBP",190.00,"GBP",,,,,,EOF17750699000,,
Market buy,2024-07-22 07:36:59.769,GB00B63H8491,RR,"Rolls-Royce",4.4700128000,445.20,GBX,100.00000,,"GBP",20.00,"GBP",,,0.10,"GBP",,EOF17750699004,,
Market buy,2024-07-22 07:36:59.819,GB0007980591,BP,"BP",8.7053792000,457.20,GBX,100.00000,,"GBP",40.00,"GBP",,,0.20,"GBP",,EOF17750699011,,
Market buy,2024-07-22 07:37:00.176,GB00BF0P7H59,SOHO,"Triple Point Social Housing Reit",82.2334590000,60.50,GBX,100.00000,,"GBP",50.00,"GBP",,,0.25,"GBP",,EOF17750699015,,
Market buy,2024-07-22 07:37:01.02,GB00BMBVGQ36,HBR,"Harbour Energy",9.7871298000,305.00,GBX,100.00000,,"GBP",30.00,"GBP",,,0.15,"GBP",,EOF17750699045,,
Market buy,2024-07-22 07:37:02.233,GB00BPQY8M80,AV,"Aviva",6.1982446000,481.60,GBX,100.00000,,"GBP",30.00,"GBP",,,0.15,"GBP",,EOF17750699064,,
Market buy,2024-07-22 07:37:05.916,GB00BKFB1C65,MNG,"M&G",14.4976911000,205.90,GBX,100.00000,,"GBP",30.00,"GBP",,,0.15,"GBP",,EOF17750699181,,
Market buy,2024-07-22 07:37:31.716,GB00B1ZBKY84,MONY,"MONY Group",13.6930027000,218.00,GBX,100.00000,,"GBP",30.00,"GBP",,,0.15,"GBP",,EOF17750699494,,
Market buy,2024-07-22 07:37:45.848,GB00B1CKQ739,DNLM,"Dunelm",1.6460295200,1209.00,GBX,100.00000,,"GBP",20.00,"GBP",,,0.10,"GBP",,EOF17750699581,,
Market buy,2024-07-22 07:38:20.855,GB00BLDRH360,OSB,"OSB Group",6.1421288000,486.00,GBX,100.00000,,"GBP",30.00,"GBP",,,0.15,"GBP",,EOF17750699643,,
Market buy,2024-07-22 07:40:02.125,GB00B8SC6K54,UKW,"Greencoat UK Wind",35.1598890000,141.50,GBX,100.00000,,"GBP",50.00,"GBP",,,0.25,"GBP",,EOF17750699790,,
Market sell,2024-07-22 13:30:05.264,US0378331005,AAPL,"Apple",0.0293448000,226.98,USD,1.29082,1.43,"GBP",5.15,"GBP",,,,,,EOF17851956822,0.01,"GBP"
Deposit,2024-07-26 06:10:29.031,,,,,,,,,,2200.00,"GBP",,,,,"Transaction ID: 6205d81b-757e-4761-a1bc-85933c1c0c5c",6e7e0970-7ac8-4ae0-bd94-6c45990c51b7,,
Market buy,2024-07-26 07:04:23.241,IE00BFMXXD54,VUAA,"Vanguard S&P 500 (Acc)",6.8762620000,94.67,EUR,1.18535,,"GBP",550.00,"GBP",,,,,,EOF18003979739,0.82,"GBP"
Market buy,2024-07-26 07:04:28.493,IE00B53SZB19,SXRV,"iShares NASDAQ 100 (Acc)",0.3917560000,997.00,EUR,1.18533,,"GBP",330.00,"GBP",,,,,,EOF18003979841,0.49,"GBP"
Market buy,2024-07-26 13:30:00.738,US02079K1079,GOOG,"Alphabet (Class C)",1.0040004000,168.93,USD,1.28684,,"GBP",132.00,"GBP",,,,,,EOF18005279212,0.20,"GBP"
Market buy,2024-07-26 13:30:01.307,US1729081059,CTAS,"Cintas",0.1103730000,768.33,USD,1.28684,,"GBP",66.00,"GBP",,,,,,EOF18005280319,0.10,"GBP"
Market buy,2024-07-26 13:30:02.898,US30303M1027,META,"Meta Platforms",0.1825997000,464.43,USD,1.28687,,"GBP",66.00,"GBP",,,,,,EOF18005285078,0.10,"GBP"
Market buy,2024-07-26 13:30:03.634,US8552441094,SBUX,"Starbucks",1.1479820000,73.87,USD,1.28681,,"GBP",66.00,"GBP",,,,,,EOF18005288518,0.10,"GBP"
Market buy,2024-07-26 13:30:03.634,US0378331005,AAPL,"Apple",0.3874868000,218.85,USD,1.28682,,"GBP",66.00,"GBP",,,,,,EOF18005288515,0.10,"GBP"
Market buy,2024-07-26 13:30:03.634,US46625H1005,JPM,"JPMorgan Chase & Co",0.4051545000,209.31,USD,1.28684,,"GBP",66.00,"GBP",,,,,,EOF18005288522,0.10,"GBP"
Market buy,2024-07-26 13:30:04.102,US5949181045,MSFT,"Microsoft",0.4054580000,418.30,USD,1.28682,,"GBP",132.00,"GBP",,,,,,EOF18005290616,0.20,"GBP"
Market buy,2024-07-26 13:30:04.102,US92826C8394,V,"Visa",0.6621241000,256.15,USD,1.28682,,"GBP",132.00,"GBP",,,,,,EOF18005290622,0.20,"GBP"
Market buy,2024-07-26 13:30:04.102,US65339F1012,NEE,"NextEra Energy",1.1416460000,74.28,USD,1.28682,,"GBP",66.00,"GBP",,,,,,EOF18005290631,0.10,"GBP"
Market buy,2024-07-26 13:30:04.102,US91324P1021,UNH,"UnitedHealth",0.1507238000,562.65,USD,1.28687,,"GBP",66.00,"GBP",,,,,,EOF18005290627,0.10,"GBP"
Market buy,2024-07-26 13:30:04.556,US57636Q1040,MA,"Mastercard",0.1949759000,434.95,USD,1.28687,,"GBP",66.00,"GBP",,,,,,EOF18005292536,0.10,"GBP"
Market buy,2024-07-26 13:30:11.075,US7561091049,O,"Realty Income",1.4699750000,57.69,USD,1.28684,,"GBP",66.00,"GBP",,,,,,EOF18005293912,0.10,"GBP"
Market buy,2024-07-26 13:30:13.688,US94106L1098,WM,"Waste Management",0.4218980000,201.00,USD,1.28682,,"GBP",66.00,"GBP",,,,,,EOF18005294321,0.10,"GBP"
Market buy,2024-07-26 13:30:25.457,US6541061031,NKE,"Nike",1.1769810000,72.05,USD,1.28682,,"GBP",66.00,"GBP",,,,,,EOF18005296047,0.10,"GBP"
Market buy,2024-07-26 13:30:27.469,US1667641005,CVX,"Chevron",0.5382855000,157.54,USD,1.28682,,"GBP",66.00,"GBP",,,,,,EOF18005296116,0.10,"GBP"
Market buy,2024-07-26 13:31:15.62,US6701002056,NVO,"Novo Nordisk",0.6690783000,126.73,USD,1.28668,,"GBP",66.00,"GBP",,,,,,EOF18005297340,0.10,"GBP"
Market buy,2024-07-26 13:31:36.511,US5486611073,LOW,"Lowe's",0.3569300000,237.56,USD,1.28668,,"GBP",66.00,"GBP",,,,,,EOF18005297625,0.10,"GBP"
Deposit,2024-07-29 14:36:43.31,,,,,,,,,,1000.00,"GBP",,,,,,5358b581-31d3-46dd-94ba-dc44aea182d1,,
Market buy,2024-07-29 14:37:15.008,US4781601046,JNJ,"Johnson & Johnson",0.1647750000,158.91,USD,1.28291,,"GBP",20.44,"GBP",,,,,,EOF18204176929,0.03,"GBP"
Market buy,2024-07-29 14:37:15.026,US46625H1005,JPM,"JPMorgan Chase & Co",0.1240926000,211.01,USD,1.28293,,"GBP",20.44,"GBP",,,,,,EOF18204176935,0.03,"GBP"
Market buy,2024-07-29 14:37:15.115,US00206R1023,T,"AT&T",1.3847060000,18.91,USD,1.28293,,"GBP",20.44,"GBP",,,,,,EOF18204176946,0.03,"GBP"
Market buy,2024-07-29 14:37:15.179,US88579Y1010,MMM,"3M",0.2095789000,124.94,USD,1.28293,,"GBP",20.44,"GBP",,,,,,EOF18204176956,0.03,"GBP"
Market buy,2024-07-29 14:37:15.248,US5801351017,MCD,"McDonald's",0.1009701000,259.33,USD,1.28292,,"GBP",20.44,"GBP",,,,,,EOF18204176966,0.03,"GBP"
Market buy,2024-07-29 14:37:15.27,CA0641491075,BNS,"Bank of Nova Scotia",0.5736030000,45.65,USD,1.28294,,"GBP",20.44,"GBP",,,,,,EOF18204176972,0.03,"GBP"
Market buy,2024-07-29 14:37:15.291,US7561091049,O,"Realty Income",0.4534090000,57.75,USD,1.28291,,"GBP",20.44,"GBP",,,,,,EOF18204176978,0.03,"GBP"
Market buy,2024-07-29 14:37:15.303,US5021751020,LTC,"LTC Properties",0.6934420000,37.76,USD,1.28291,,"GBP",20.44,"GBP",,,,,,EOF18204176981,0.03,"GBP"
Market buy,2024-07-29 14:37:15.322,CA7800871021,RY,"Royal Bank of Canada",0.2378688000,110.08,USD,1.28292,,"GBP",20.44,"GBP",,,,,,EOF18204176987,0.03,"GBP"
Market buy,2024-07-29 14:37:15.371,GB00B24CGK77,RKT,"Reckitt Benckiser",0.4954520800,4105.00,GBX,100.00000,,"GBP",20.44,"GBP",,,0.10,"GBP",,EOF18204176995,,
Market buy,2024-07-29 14:37:15.505,US0378331005,AAPL,"Apple",0.1200082000,218.19,USD,1.28292,,"GBP",20.44,"GBP",,,,,,EOF18204177013,0.03,"GBP"
Market buy,2024-07-29 14:37:15.641,US4592001014,IBM,"IBM",0.1381846000,189.49,USD,1.28292,,"GBP",20.44,"GBP",,,,,,EOF18204177030,0.03,"GBP"
Market buy,2024-07-29 14:37:15.666,US0394831020,ADM,"Archer-Daniels-Midland",0.4120370000,63.55,USD,1.28294,,"GBP",20.44,"GBP",,,,,,EOF18204177036,0.03,"GBP"
Market buy,2024-07-29 14:37:16.001,US1667641005,CVX,"Chevron",0.1684222000,155.47,USD,1.28292,,"GBP",20.44,"GBP",,,,,,EOF18204177046,0.03,"GBP"
Market buy,2024-07-29 14:37:16.064,US9311421039,WMT,"Walmart",0.3785510000,69.17,USD,1.28291,,"GBP",20.44,"GBP",,,,,,EOF18204177049,0.03,"GBP"
Market buy,2024-07-29 14:37:16.08,US0010551028,AFL,"Aflac",0.2779090000,94.22,USD,1.28292,,"GBP",20.44,"GBP",,,,,,EOF18204177053,0.03,"GBP"
Market buy,2024-07-29 14:37:16.124,US2910111044,EMR,"Emerson Electric",0.2247395000,116.51,USD,1.28292,,"GBP",20.44,"GBP",,,,,,EOF18204177057,0.03,"GBP"
Market buy,2024-07-29 14:37:16.161,US2788651006,ECL,"Ecolab",0.1061609000,246.65,USD,1.28292,,"GBP",20.44,"GBP",,,,,,EOF18204177061,0.03,"GBP"
Market buy,2024-07-29 14:37:16.698,GB0002875804,BATS,"British American Tobacco",0.7339699700,2771.00,GBX,100.00000,,"GBP",20.44,"GBP",,,0.10,"GBP",,EOF18204177065,,
Market buy,2024-07-29 14:37:17.138,CH0044328745,CB,"Chubb",0.0970446000,269.82,USD,1.28292,,"GBP",20.44,"GBP",,,,,,EOF18204177070,0.03,"GBP"
Market buy,2024-07-29 14:37:17.153,US7134481081,PEP,"PepsiCo",0.1528670000,171.29,USD,1.28292,,"GBP",20.44,"GBP",,,,,,EOF18204177074,0.03,"GBP"
Market buy,2024-07-29 14:37:17.368,IE00BTN1Y115,MDT,"Medtronic",0.3307780000,79.16,USD,1.28291,,"GBP",20.44,"GBP",,,,,,EOF18204177078,0.03,"GBP"
Market buy,2024-07-29 14:37:17.542,US3546131018,BEN,"Franklin Resources",1.1668710000,22.44,USD,1.28292,,"GBP",20.44,"GBP",,,,,,EOF18204177082,0.03,"GBP"
Market buy,2024-07-29 14:37:17.693,US5486611073,LOW,"Lowe's",0.1092262000,239.73,USD,1.28293,,"GBP",20.44,"GBP",,,,,,EOF18204177086,0.03,"GBP"
Market buy,2024-07-29 14:37:17.775,US74144T1088,TROW,"T Rowe Price",0.2343560000,111.73,USD,1.28292,,"GBP",20.44,"GBP",,,,,,EOF18204177089,0.03,"GBP"
Market buy,2024-07-29 14:37:18.034,US7427181091,PG,"Procter & Gamble",0.1554720000,168.42,USD,1.28292,,"GBP",20.44,"GBP",,,,,,EOF18204177093,0.03,"GBP"
Market buy,2024-07-29 14:37:18.045,US8552441094,SBUX,"Starbucks",0.3487610000,75.08,USD,1.28294,,"GBP",20.44,"GBP",,,,,,EOF18204177097,0.03,"GBP"
Market buy,2024-07-29 14:37:18.113,US00123Q1040,AGNC,"AGNC Investment",2.5772240000,10.16,USD,1.28292,,"GBP",20.44,"GBP",,,,,,EOF18204177100,0.03,"GBP"
Market buy,2024-07-29 14:37:18.384,CA0636711016,BMO,"Bank of Montreal",0.3017000000,86.79,USD,1.28292,,"GBP",20.44,"GBP",,,,,,EOF18204177104,0.03,"GBP"
Market buy,2024-07-29 14:37:19.866,US4943681035,KMB,"Kimberly-Clark",0.1867394000,140.22,USD,1.28292,,"GBP",20.44,"GBP",,,,,,EOF18204177110,0.03,"GBP"
Market buy,2024-07-29 14:37:20.128,US0530151036,ADP,"Automatic Data Processing",0.1030889000,254.00,USD,1.28292,,"GBP",20.44,"GBP",,,,,,EOF18204177116,0.03,"GBP"
Market buy,2024-07-29 14:37:20.193,US3695501086,GD,"General Dynamics",0.0902823000,290.03,USD,1.28292,,"GBP",20.44,"GBP",,,,,,EOF18204177120,0.03,"GBP"
Market buy,2024-07-29 14:37:20.233,US6935061076,PPG,"PPG Industries",0.2053533000,127.51,USD,1.28292,,"GBP",20.44,"GBP",,,,,,EOF18204177124,0.03,"GBP"
Market buy,2024-07-29 14:37:20.538,US85254J1025,STAG,"STAG Industrial",0.6538070000,40.05,USD,1.28294,,"GBP",20.44,"GBP",,,,,,EOF18204177130,0.03,"GBP"
Market buy,2024-07-29 14:37:20.566,US8718291078,SYY,"Sysco",0.3607190000,72.59,USD,1.28292,,"GBP",20.44,"GBP",,,,,,EOF18204177134,0.03,"GBP"
Market buy,2024-07-29 14:37:20.789,US4523081093,ITW,"Illinois Tool Works",0.1054512000,248.31,USD,1.28292,,"GBP",20.44,"GBP",,,,,,EOF18204177138,0.03,"GBP"
Market buy,2024-07-29 14:37:21.209,GB00BNNTLN49,PNN,"Pennon",3.2883278000,618.50,GBX,100.00000,,"GBP",20.44,"GBP",,,0.10,"GBP",,EOF18204177142,,
Market buy,2024-07-29 14:37:21.578,US14149Y1082,CAH,"Cardinal Health",0.2670800000,98.04,USD,1.28292,,"GBP",20.44,"GBP",,,,,,EOF18204177146,0.03,"GBP"
Market buy,2024-07-29 14:37:22.684,US3848021040,GWW,"WW Grainger",0.0268293000,975.96,USD,1.28291,,"GBP",20.44,"GBP",,,,,,EOF18204177152,0.03,"GBP"
Market buy,2024-07-29 14:37:23.461,IE00B2NPKV68,SEMB,"iShares J.P. Morgan USD EM Bond (Dist)",0.2998386200,6817.00,GBX,100.00000,,"GBP",20.44,"GBP",,,,,,EOF18204177160,,
Market buy,2024-07-29 14:37:23.934,IE00BDD48R20,VUSC,"Vanguard USD Corporate 1-3 Year Bond (Dist)",0.5331910000,45.46,EUR,1.18746,,"GBP",20.44,"GBP",,,,,,EOF18204177167,0.03,"GBP"
Market buy,2024-07-29 14:37:24.06,US8243481061,SHW,"Sherwin-Williams",0.0747890000,350.11,USD,1.28291,,"GBP",20.44,"GBP",,,,,,EOF18204177171,0.03,"GBP"
Market buy,2024-07-29 14:37:29.325,US6703461052,NUE,"Nucor",0.1640330000,159.63,USD,1.28292,,"GBP",20.44,"GBP",,,,,,EOF18204177182,0.03,"GBP"
Market buy,2024-07-29 14:37:30.299,US74348T1025,PSEC,"Prospect Capital",4.7694700000,5.49,USD,1.28291,,"GBP",20.44,"GBP",,,,,,EOF18204177189,0.03,"GBP"
Market buy,2024-07-29 14:37:31.022,US1491231015,CAT,"Caterpillar",0.0757497000,345.67,USD,1.28292,,"GBP",20.44,"GBP",,,,,,EOF18204177194,0.03,"GBP"
Market buy,2024-07-29 14:38:03.39,IE00B7N3YW49,SSHY,"PIMCO US Short-Term High Yield Corporate Bond Index (Dist)",0.2799210000,73.02,GBP,1.00000,,"GBP",20.44,"GBP",,,,,,EOF18204177310,,
Market buy,2024-07-29 14:38:03.885,IE00B42WWV65,VGOV,"Vanguard U.K. Gilt (Dist)",1.2199280000,16.76,GBP,1.00000,,"GBP",20.44,"GBP",,,,,,EOF18204177314,,
Market buy,2024-07-29 14:38:26.825,US56035L1044,MAIN,"Main Street Capital",0.5118020000,51.16,USD,1.28289,,"GBP",20.44,"GBP",,,,,,EOF18204177397,0.03,"GBP"
Market buy,2024-07-29 14:38:36.723,US7766961061,ROP,"Roper Technologies",0.0481002000,544.38,USD,1.28293,,"GBP",20.44,"GBP",,,,,,EOF18204177569,0.03,"GBP"
Market buy,2024-07-29 14:39:04.467,IE00BYXVWC37,STHS,"PIMCO US Short-Term High Yield Corporate Bond Index (Dist)",2.2989400000,8.89,GBP,1.00000,,"GBP",20.44,"GBP",,,,,,EOF18204177627,,
Deposit,2024-07-31 08:47:56.045,,,,,,,,,,1000.00,"GBP",,,,,"Transaction ID: b01a152a-46ab-4be3-b3ea-2336de06df4f",d1cc0731-196b-48b2-a6b6-63372232124e,,
Market buy,2024-07-31 08:48:25.719,GB00BN7SWP63,GSK,"GSK",1.9736030400,1512.50,GBX,100.00000,,"GBP",30.00,"GBP",,,0.15,"GBP",,EOF18253295817,,
Market buy,2024-07-31 08:48:25.732,GB0002875804,BATS,"British American Tobacco",1.0722250700,2784.00,GBX,100.00000,,"GBP",30.00,"GBP",,,0.15,"GBP",,EOF18253295820,,
Market buy,2024-07-31 08:48:26.09,GB0007980591,BP,"BP",8.6618050000,459.50,GBX,100.00000,,"GBP",40.00,"GBP",,,0.20,"GBP",,EOF18253295823,,
Market buy,2024-07-31 08:48:26.52,GB0032089863,NXT,"Next",0.3267375800,9136.00,GBX,100.00000,,"GBP",30.00,"GBP",,,0.15,"GBP",,EOF18253295826,,
Market buy,2024-07-31 08:48:26.571,GB00BKFB1C65,MNG,"M&G",13.9554679000,213.90,GBX,100.00000,,"GBP",30.00,"GBP",,,0.15,"GBP",,EOF18253295829,,
Market buy,2024-07-31 08:48:26.835,GB00B63H8491,RR,"Rolls-Royce",4.4351453000,448.70,GBX,100.00000,,"GBP",20.00,"GBP",,,0.10,"GBP",,EOF18253295832,,
Market buy,2024-07-31 08:48:27.063,GB00BGXQNP29,PHNX,"Phoenix",5.4721807000,545.50,GBX,100.00000,,"GBP",30.00,"GBP",,,0.15,"GBP",,EOF18253295838,,
Market buy,2024-07-31 08:48:27.063,IE00B3XXRP09,VUSA,"Vanguard S&P 500 (Dist)",0.9854020000,81.19,GBP,1.00000,,"GBP",80.00,"GBP",,,,,,EOF18253295835,,
Market buy,2024-07-31 08:48:27.091,GB0008706128,LLOY,"Lloyds Banking Group",33.0463250000,60.22,GBX,100.00000,,"GBP",20.00,"GBP",,,0.10,"GBP",,EOF18253295841,,
Market buy,2024-07-31 08:48:27.108,GB00BDR05C01,NG,"National Grid",6.0292357000,990.20,GBX,100.00000,,"GBP",60.00,"GBP",,,0.30,"GBP",,EOF18253295844,,
Market buy,2024-07-31 08:48:28.744,GB00BLDRH360,OSB,"OSB Group",5.7906393000,515.50,GBX,100.00000,,"GBP",30.00,"GBP",,,0.15,"GBP",,EOF18253295847,,
Market buy,2024-07-31 08:48:29.272,IE00BMFKG444,XNAQ,"Xtrackers NASDAQ 100 (Acc)",5.5458230000,34.26,GBP,1.00000,,"GBP",190.00,"GBP",,,,,,EOF18253295850,,
Market buy,2024-07-31 08:48:29.651,GB0031348658,BARC,"Barclays",12.6754760000,235.50,GBX,100.00000,,"GBP",30.00,"GBP",,,0.15,"GBP",,EOF18253295853,,
Market buy,2024-07-31 08:48:34.171,JE00BJ1DLW90,EMG,"Man Group",8.1433220000,245.60,GBX,100.00000,,"GBP",20.00,"GBP",,,,,,EOF18253295862,,
Market buy,2024-07-31 08:48:35.5,GB0005603997,LGEN,"Legal & General",21.4260305000,232.20,GBX,100.00000,,"GBP",50.00,"GBP",,,0.25,"GBP",,EOF18253295873,,
Market buy,2024-07-31 08:48:37.461,GB00BMBVGQ36,HBR,"Harbour Energy",9.6573102000,309.10,GBX,100.00000,,"GBP",30.00,"GBP",,,0.15,"GBP",,EOF18253295876,,
Market buy,2024-07-31 08:48:37.622,GB00BPQY8M80,AV,"Aviva",5.9369025000,502.80,GBX,100.00000,,"GBP",30.00,"GBP",,,0.15,"GBP",,EOF18253295879,,
Market buy,2024-07-31 08:48:38.537,GB0007188757,RIO,"Rio Tinto",0.3954788700,5032.00,GBX,100.00000,,"GBP",20.00,"GBP",,,0.10,"GBP",,EOF18253295882,,
Market buy,2024-07-31 08:48:42.58,IE00BKX55T58,VEVE,"Vanguard FTSE Developed World (Dist)",0.9987500000,80.10,GBP,1.00000,,"GBP",80.00,"GBP",,,,,,EOF18253295894,,
Market buy,2024-07-31 08:49:31.346,GB00B1ZBKY84,MONY,"MONY Group",13.1733212000,226.60,GBX,100.00000,,"GBP",30.00,"GBP",,,0.15,"GBP",,EOF18253295941,,
Market buy,2024-07-31 08:51:25.89,GB00B1CKQ739,DNLM,"Dunelm",1.6113762700,1235.00,GBX,100.00000,,"GBP",20.00,"GBP",,,0.10,"GBP",,EOF18253296079,,
Deposit,2024-07-31 08:52:19.405,,,,,,,,,,94.00,"GBP",,,,,"Transaction ID: a5d351aa-52e5-439f-8e13-6d3e01a7efa8",e1f3ffce-91b1-492c-a5ad-8a52dd9c5aed,,
Market buy,2024-07-31 08:52:45.749,IE00B53SZB19,SXRV,"iShares NASDAQ 100 (Acc)",0.0165679800,1007.60,EUR,1.18564,,"GBP",14.10,"GBP",,,,,,EOF18253296211,0.02,"GBP"
Market buy,2024-07-31 08:52:46.159,IE00BFMXXD54,VUAA,"Vanguard S&P 500 (Acc)",0.2897180000,96.04,EUR,1.18604,,"GBP",23.50,"GBP",,,,,,EOF18253296216,0.04,"GBP"
Market buy,2024-07-31 08:58:08.57,GB00B8SC6K54,UKW,"Greencoat UK Wind",34.4776458000,144.30,GBX,100.00000,,"GBP",50.00,"GBP",,,0.25,"GBP",,EOF18253296846,,
Market buy,2024-07-31 08:59:45.539,GB00BF0P7H59,SOHO,"Triple Point Social Housing Reit",82.0977600000,60.60,GBX,100.00000,,"GBP",50.00,"GBP",,,0.25,"GBP",,EOF18253297142,,
Market buy,2024-07-31 13:30:01.92,US02079K1079,GOOG,"Alphabet (Class C)",0.0413497000,174.99,USD,1.28521,,"GBP",5.64,"GBP",,,,,,EOF18300377338,0.01,"GBP"
Market buy,2024-07-31 13:30:01.92,US30303M1027,META,"Meta Platforms",0.0076726000,471.56,USD,1.28301,,"GBP",2.82,"GBP",,,,,,EOF18300377341,,
Market buy,2024-07-31 13:30:03.043,US1729081059,CTAS,"Cintas",0.0046685000,775.00,USD,1.28300,,"GBP",2.82,"GBP",,,,,,EOF18300380256,,
Market buy,2024-07-31 13:30:03.043,US0378331005,AAPL,"Apple",0.0163309000,221.53,USD,1.28290,,"GBP",2.82,"GBP",,,,,,EOF18300380250,,
Market buy,2024-07-31 13:30:03.043,US5949181045,MSFT,"Microsoft",0.0172081000,420.48,USD,1.28519,,"GBP",5.64,"GBP",,,,,,EOF18300380253,0.01,"GBP"
Market buy,2024-07-31 13:30:04.501,US94106L1098,WM,"Waste Management",0.0178944000,202.18,USD,1.28293,,"GBP",2.82,"GBP",,,,,,EOF18300386619,,
Market buy,2024-07-31 13:30:04.501,US92826C8394,V,"Visa",0.0159264000,264.74,USD,1.28547,,"GBP",3.28,"GBP",,,,,,EOF18300386616,,
Market buy,2024-07-31 13:30:04.501,US8552441094,SBUX,"Starbucks",0.0454110000,79.68,USD,1.28310,,"GBP",2.82,"GBP",,,,,,EOF18300386613,,
Market buy,2024-07-31 13:30:05.155,US46625H1005,JPM,"JPMorgan Chase & Co",0.0168431000,214.80,USD,1.28294,,"GBP",2.82,"GBP",,,,,,EOF18300389200,,
Market buy,2024-07-31 13:30:05.155,US7561091049,O,"Realty Income",0.0621290000,58.23,USD,1.28289,,"GBP",2.82,"GBP",,,,,,EOF18300389197,,
Market buy,2024-07-31 13:30:05.155,US6541061031,NKE,"Nike",0.0485350000,74.54,USD,1.28290,,"GBP",2.82,"GBP",,,,,,EOF18300389206,,
Market buy,2024-07-31 13:30:05.155,US57636Q1040,MA,"Mastercard",0.0078177000,462.78,USD,1.28293,,"GBP",2.82,"GBP",,,,,,EOF18300389203,,
Market buy,2024-07-31 13:30:12.98,US92826C8394,V,"Visa",0.0114078000,264.77,USD,1.28529,,"GBP",2.35,"GBP",,,,,,EOF18300390808,,
Market buy,2024-07-31 13:30:23.148,US91324P1021,UNH,"UnitedHealth",0.0063484000,570.00,USD,1.28318,,"GBP",2.82,"GBP",,,,,,EOF18300391526,,
Market buy,2024-07-31 13:30:24.38,US65339F1012,NEE,"NextEra Energy",0.0482510000,74.99,USD,1.28310,,"GBP",2.82,"GBP",,,,,,EOF18300391588,,
Market buy,2024-07-31 13:31:13.645,US6701002056,NVO,"Novo Nordisk",0.0272413000,132.82,USD,1.28304,,"GBP",2.82,"GBP",,,,,,EOF18300393410,,
Market buy,2024-07-31 13:34:30.672,US1667641005,CVX,"Chevron",0.0224345000,161.30,USD,1.28322,,"GBP",2.82,"GBP",,,,,,EOF18300396318,,
Market buy,2024-07-31 13:35:01.116,US5486611073,LOW,"Lowe's",0.0148848000,243.08,USD,1.28304,,"GBP",2.82,"GBP",,,,,,EOF18300397031,,
Dividend (Dividend),2024-08-09 12:55:20,US00123Q1040,AGNC,"AGNC Investment",2.5772240000,0.10,USD,Not available,,,0.21,"GBP",0.05,USD,,,,,,
Dividend (Dividend),2024-08-15 14:33:41,US56035L1044,MAIN,"Main Street Capital",0.5118020000,0.21,USD,Not available,,,0.08,"GBP",0.02,USD,,,,,,
Dividend (Dividend),2024-08-15 14:40:03,US85254J1025,STAG,"STAG Industrial",0.6538070000,0.10,USD,Not available,,,0.05,"GBP",0.01,USD,,,,,,
Dividend (Dividend),2024-08-15 15:03:37,US0378331005,AAPL,"Apple",0.5266696000,0.21,USD,Not available,,,0.09,"GBP",0.02,USD,,,,,,
Dividend (Dividend),2024-08-15 15:28:27,US7561091049,O,"Realty Income",1.9855130000,0.22,USD,Not available,,,0.35,"GBP",0.08,USD,,,,,,
Dividend (Dividend),2024-08-26 09:13:17,US6701002056,NVO,"Novo Nordisk",0.6963196000,0.38,USD,Not available,,,0.20,"GBP",0.10,USD,,,,,,
Dividend (Dividend),2024-08-27 08:20:55,CA0636711016,BMO,"Bank of Montreal",0.3017000000,0.98,USD,Not available,,,0.22,"GBP",0.05,USD,,,,,,
Dividend (Dividend),2024-08-28 08:49:07,IE00B42WWV65,VGOV,"Vanguard U.K. Gilt (Dist)",1.2199280000,0.06,GBP,Not available,,,0.08,"GBP",0.00,GBP,,,,,,
Dividend (Dividend),2024-08-28 08:51:53,IE00BDD48R20,VUSC,"Vanguard USD Corporate 1-3 Year Bond (Dist)",0.5331910000,0.21,EUR,Not available,,,0.10,"GBP",-0.00,EUR,,,,,,
Dividend (Dividend),2024-08-29 08:30:56,IE00B2NPKV68,SEMB,"iShares J.P. Morgan USD EM Bond (Dist)",0.2998386200,32.11,GBX,Not available,,,0.10,"GBP",-0.00,GBX,,,,,,
Dividend (Dividend),2024-08-30 10:39:29,US8552441094,SBUX,"Starbucks",1.5421540000,0.48,USD,Not available,,,0.57,"GBP",0.13,USD,,,,,,
Dividend (Dividend),2024-08-30 10:47:07,US5021751020,LTC,"LTC Properties",0.6934420000,0.16,USD,Not available,,,0.09,"GBP",0.02,USD,,,,,,
Dividend (Dividend),2024-08-30 10:57:58,IE00BYXVWC37,STHS,"PIMCO US Short-Term High Yield Corporate Bond Index (Dist)",2.2989400000,0.05,GBP,Not available,,,0.11,"GBP",0.00,GBP,,,,,,
Dividend (Dividend),2024-08-30 11:00:15,IE00B7N3YW49,SSHY,"PIMCO US Short-Term High Yield Corporate Bond Index (Dist)",0.2799210000,0.40,GBP,Not available,,,0.11,"GBP",-0.00,GBP,,,,,,
Dividend (Dividend),2024-08-30 11:05:14,GB00B8SC6K54,UKW,"Greencoat UK Wind",69.6375348000,2.50,GBX,Not available,,,1.74,"GBP",0.00,GBX,,,,,,
Deposit,2024-08-30 15:08:53.374,,,,,,,,,,1000.00,"GBP",,,,,"Transaction ID: 6d8e1f6b-34cd-44e1-90a4-39334a37c682",9bb4fcf1-01e4-42cf-93b9-9a283adbdd55,,
Market buy,2024-08-30 15:09:46.009,US0378331005,AAPL,"Apple",0.1149720000,228.62,USD,1.31424,,"GBP",20.03,"GBP",,,,,,EOF19751818209,0.03,"GBP"
Market buy,2024-08-30 15:09:46.119,US7134481081,PEP,"PepsiCo",0.1525442000,172.31,USD,1.31424,,"GBP",20.03,"GBP",,,,,,EOF19751818220,0.03,"GBP"
Market buy,2024-08-30 15:09:46.37,IE00B42WWV65,VGOV,"Vanguard U.K. Gilt (Dist)",1.1857270000,16.89,GBP,1.00000,,"GBP",20.03,"GBP",,,,,,EOF19751818239,,
Market buy,2024-08-30 15:09:46.37,US4592001014,IBM,"IBM",0.1317406000,199.52,USD,1.31424,,"GBP",20.03,"GBP",,,,,,EOF19751818242,0.03,"GBP"
Market buy,2024-08-30 15:09:46.623,US46625H1005,JPM,"JPMorgan Chase & Co",0.1176637000,223.39,USD,1.31424,,"GBP",20.03,"GBP",,,,,,EOF19751818264,0.03,"GBP"
Market buy,2024-08-30 15:09:46.678,US4943681035,KMB,"Kimberly-Clark",0.1823960000,144.11,USD,1.31425,,"GBP",20.03,"GBP",,,,,,EOF19751818271,0.03,"GBP"
Market buy,2024-08-30 15:09:46.903,US1667641005,CVX,"Chevron",0.1792491000,146.64,USD,1.31425,,"GBP",20.03,"GBP",,,,,,EOF19751818290,0.03,"GBP"
Market buy,2024-08-30 15:09:46.961,US0010551028,AFL,"Aflac",0.2387167000,110.11,USD,1.31425,,"GBP",20.03,"GBP",,,,,,EOF19751818297,0.03,"GBP"
Market buy,2024-08-30 15:09:46.995,US9311421039,WMT,"Walmart",0.3431920000,76.59,USD,1.31425,,"GBP",20.03,"GBP",,,,,,EOF19751818302,0.03,"GBP"
Market buy,2024-08-30 15:09:47.093,US7561091049,O,"Realty Income",0.4250500000,61.84,USD,1.31425,,"GBP",20.03,"GBP",,,,,,EOF19751818311,0.03,"GBP"
Market buy,2024-08-30 15:09:47.166,US88579Y1010,MMM,"3M",0.1970692000,133.38,USD,1.31425,,"GBP",20.03,"GBP",,,,,,EOF19751818318,0.03,"GBP"
Market buy,2024-08-30 15:09:47.203,CA0641491075,BNS,"Bank of Nova Scotia",0.5303690000,49.56,USD,1.31425,,"GBP",20.03,"GBP",,,,,,EOF19751818323,0.03,"GBP"
Market buy,2024-08-30 15:09:47.453,IE00B2NPKV68,SEMB,"iShares J.P. Morgan USD EM Bond (Dist)",0.2936950000,6820.00,GBX,100.00000,,"GBP",20.03,"GBP",,,,,,EOF19751818332,,
Market buy,2024-08-30 15:09:47.669,GB00B24CGK77,RKT,"Reckitt Benckiser",0.4549268800,4381.00,GBX,100.00000,,"GBP",20.03,"GBP",,,0.10,"GBP",,EOF19751818337,,
Market buy,2024-08-30 15:09:47.717,US3546131018,BEN,"Franklin Resources",1.3122960000,20.03,USD,1.31426,,"GBP",20.03,"GBP",,,,,,EOF19751818340,0.03,"GBP"
Market buy,2024-08-30 15:09:47.759,IE00BDD48R20,VUSC,"Vanguard USD Corporate 1-3 Year Bond (Dist)",0.5311290000,44.72,EUR,1.18760,,"GBP",20.03,"GBP",,,,,,EOF19751818343,0.03,"GBP"
Market buy,2024-08-30 15:09:47.806,IE00B7N3YW49,SSHY,"PIMCO US Short-Term High Yield Corporate Bond Index (Dist)",0.2782310000,71.99,GBP,1.00000,,"GBP",20.03,"GBP",,,,,,EOF19751818346,,
Market buy,2024-08-30 15:09:47.823,IE00BYXVWC37,STHS,"PIMCO US Short-Term High Yield Corporate Bond Index (Dist)",2.2324800000,8.97,GBP,1.00000,,"GBP",20.03,"GBP",,,,,,EOF19751818349,,
Market buy,2024-08-30 15:09:47.971,US00206R1023,T,"AT&T",1.3282110000,19.79,USD,1.31426,,"GBP",20.03,"GBP",,,,,,EOF19751818352,0.03,"GBP"
Market buy,2024-08-30 15:09:48.056,US8552441094,SBUX,"Starbucks",0.2761350000,95.19,USD,1.31426,,"GBP",20.03,"GBP",,,,,,EOF19751818355,0.03,"GBP"
Market buy,2024-08-30 15:09:48.132,US4781601046,JNJ,"Johnson & Johnson",0.1597987000,164.49,USD,1.31426,,"GBP",20.03,"GBP",,,,,,EOF19751818358,0.03,"GBP"
Market buy,2024-08-30 15:09:48.149,US7427181091,PG,"Procter & Gamble",0.1540304000,170.65,USD,1.31426,,"GBP",20.03,"GBP",,,,,,EOF19751818364,0.03,"GBP"
Market buy,2024-08-30 15:09:48.198,US0394831020,ADM,"Archer-Daniels-Midland",0.4314720000,60.92,USD,1.31426,,"GBP",20.03,"GBP",,,,,,EOF19751818367,0.03,"GBP"
Market buy,2024-08-30 15:09:48.575,CA0636711016,BMO,"Bank of Montreal",0.3150950000,83.42,USD,1.31426,,"GBP",20.03,"GBP",,,,,,EOF19751818370,0.03,"GBP"
Market buy,2024-08-30 15:09:48.696,US6703461052,NUE,"Nucor",0.1735461000,151.46,USD,1.31426,,"GBP",20.03,"GBP",,,,,,EOF19751818373,0.03,"GBP"
Market buy,2024-08-30 15:09:49.01,US5486611073,LOW,"Lowe's",0.1060575000,247.84,USD,1.31426,,"GBP",20.03,"GBP",,,,,,EOF19751818376,0.03,"GBP"
Market buy,2024-08-30 15:09:49.193,CH0044328745,CB,"Chubb",0.0929236000,282.87,USD,1.31426,,"GBP",20.03,"GBP",,,,,,EOF19751818379,0.03,"GBP"
Market buy,2024-08-30 15:09:49.287,IE00BTN1Y115,MDT,"Medtronic",0.2990700000,87.89,USD,1.31426,,"GBP",20.03,"GBP",,,,,,EOF19751818382,0.03,"GBP"
Market buy,2024-08-30 15:09:49.943,US1491231015,CAT,"Caterpillar",0.0742900000,353.82,USD,1.31426,,"GBP",20.03,"GBP",,,,,,EOF19751818385,0.03,"GBP"
Market buy,2024-08-30 15:09:50.31,CA7800871021,RY,"Royal Bank of Canada",0.2195197000,119.74,USD,1.31426,,"GBP",20.03,"GBP",,,,,,EOF19751818390,0.03,"GBP"
Market buy,2024-08-30 15:09:51.309,US00123Q1040,AGNC,"AGNC Investment",2.5644190000,10.25,USD,1.31426,,"GBP",20.03,"GBP",,,,,,EOF19751818400,0.03,"GBP"
Market buy,2024-08-30 15:09:51.709,US74348T1025,PSEC,"Prospect Capital",5.0645200000,5.19,USD,1.31424,,"GBP",20.03,"GBP",,,,,,EOF19751818403,0.03,"GBP"
Market buy,2024-08-30 15:09:51.856,US3695501086,GD,"General Dynamics",0.0880418000,298.55,USD,1.31424,,"GBP",20.03,"GBP",,,,,,EOF19751818406,0.03,"GBP"
Market buy,2024-08-30 15:09:54.021,US85254J1025,STAG,"STAG Industrial",0.6535380000,40.22,USD,1.31426,,"GBP",20.03,"GBP",,,,,,EOF19751818418,0.03,"GBP"
Market buy,2024-08-30 15:09:54.559,US6935061076,PPG,"PPG Industries",0.2029611000,129.51,USD,1.31427,,"GBP",20.03,"GBP",,,,,,EOF19751818425,0.03,"GBP"
Market buy,2024-08-30 15:09:55.294,US2910111044,EMR,"Emerson Electric",0.2505289000,104.92,USD,1.31427,,"GBP",20.03,"GBP",,,,,,EOF19751818431,0.03,"GBP"
Market buy,2024-08-30 15:09:57.19,US5021751020,LTC,"LTC Properties",0.7185700000,36.58,USD,1.31426,,"GBP",20.03,"GBP",,,,,,EOF19751818445,0.03,"GBP"
Market buy,2024-08-30 15:09:57.636,GB0002875804,BATS,"British American Tobacco",0.7025148700,2837.00,GBX,100.00000,,"GBP",20.03,"GBP",,,0.10,"GBP",,EOF19751818448,,
Market buy,2024-08-30 15:09:57.729,GB00BNNTLN49,PNN,"Pennon",3.2942723000,605.00,GBX,100.00000,,"GBP",20.03,"GBP",,,0.10,"GBP",,EOF19751818451,,
Market buy,2024-08-30 15:10:00.734,US5801351017,MCD,"McDonald's",0.0915392000,287.15,USD,1.31427,,"GBP",20.03,"GBP",,,,,,EOF19751818462,0.03,"GBP"
Market buy,2024-08-30 15:10:03.029,US14149Y1082,CAH,"Cardinal Health",0.2328040000,112.91,USD,1.31429,,"GBP",20.03,"GBP",,,,,,EOF19751818469,0.03,"GBP"
Market buy,2024-08-30 15:10:04.219,US8243481061,SHW,"Sherwin-Williams",0.0715813000,367.22,USD,1.31430,,"GBP",20.03,"GBP",,,,,,EOF19751818472,0.03,"GBP"
Market buy,2024-08-30 15:10:05.231,US0530151036,ADP,"Automatic Data Processing",0.0959794000,273.87,USD,1.31429,,"GBP",20.03,"GBP",,,,,,EOF19751818490,0.03,"GBP"
Market buy,2024-08-30 15:10:11.3,US56035L1044,MAIN,"Main Street Capital",0.5300440000,49.59,USD,1.31424,,"GBP",20.03,"GBP",,,,,,EOF19751818509,0.03,"GBP"
Market buy,2024-08-30 15:10:12.119,US8718291078,SYY,"Sysco",0.3381560000,77.73,USD,1.31424,,"GBP",20.03,"GBP",,,,,,EOF19751818514,0.03,"GBP"
Market buy,2024-08-30 15:10:14.666,US3848021040,GWW,"WW Grainger",0.0269378000,975.79,USD,1.31428,,"GBP",20.03,"GBP",,,,,,EOF19751818519,0.03,"GBP"
Market buy,2024-08-30 15:10:24.159,US74144T1088,TROW,"T Rowe Price",0.2496086000,105.29,USD,1.31406,,"GBP",20.03,"GBP",,,,,,EOF19751818545,0.03,"GBP"
Market buy,2024-08-30 15:10:40.396,US2788651006,ECL,"Ecolab",0.1045591000,251.34,USD,1.31399,,"GBP",20.03,"GBP",,,,,,EOF19751818581,0.03,"GBP"
Market buy,2024-08-30 15:10:43.2,US7766961061,ROP,"Roper Technologies",0.0475462000,552.74,USD,1.31403,,"GBP",20.03,"GBP",,,,,,EOF19751818590,0.03,"GBP"
Market buy,2024-08-30 15:11:59.762,US4523081093,ITW,"Illinois Tool Works",0.1042991000,251.98,USD,1.31406,,"GBP",20.03,"GBP",,,,,,EOF19751818887,0.03,"GBP"
Dividend (Dividend),2024-09-02 10:32:42,US0010551028,AFL,"Aflac",0.2779090000,0.43,USD,Not available,,,0.09,"GBP",0.02,USD,,,,,,
Dividend (Dividend),2024-09-02 10:42:11,US3848021040,GWW,"WW Grainger",0.0268293000,1.74,USD,Not available,,,0.04,"GBP",0.01,USD,,,,,,
Dividend (Dividend),2024-09-03 09:15:51,US1729081059,CTAS,"Cintas",0.1150415000,1.33,USD,Not available,,,0.12,"GBP",0.03,USD,,,,,,
Dividend (Dividend),2024-09-03 09:19:16,US92826C8394,V,"Visa",0.6894583000,0.44,USD,Not available,,,0.23,"GBP",0.05,USD,,,,,,
Dividend (Dividend),2024-09-03 09:34:22,US9311421039,WMT,"Walmart",0.3785510000,0.18,USD,Not available,,,0.05,"GBP",0.01,USD,,,,,,
Dividend (Dividend),2024-09-06 11:51:40,US8243481061,SHW,"Sherwin-Williams",0.0747890000,0.61,USD,Not available,,,0.03,"GBP",0.01,USD,,,,,,
Dividend (Dividend),2024-09-09 09:50:01,GB00B1ZBKY84,MONY,"MONY Group",26.8663239000,3.30,GBX,Not available,,,0.89,"GBP",0.00,GBX,,,,,,
Dividend (Dividend),2024-09-10 12:48:57,GB0008706128,LLOY,"Lloyds Banking Group",66.6847580000,1.06,GBX,Not available,,,0.71,"GBP",0.00,GBX,,,,,,
Dividend (Dividend),2024-09-10 13:00:26,US4781601046,JNJ,"Johnson & Johnson",0.1647750000,1.05,USD,Not available,,,0.13,"GBP",0.03,USD,,,,,,
Dividend (Dividend),2024-09-10 13:09:50,US2910111044,EMR,"Emerson Electric",0.2247395000,0.45,USD,Not available,,,0.08,"GBP",0.02,USD,,,,,,
Dividend (Dividend),2024-09-10 13:20:02,US1667641005,CVX,"Chevron",0.7291422000,1.39,USD,Not available,,,0.77,"GBP",0.18,USD,,,,,,
Dividend (Dividend),2024-09-10 13:31:21,US4592001014,IBM,"IBM",0.1381846000,1.42,USD,Not available,,,0.15,"GBP",0.03,USD,,,,,,
Dividend (Dividend),2024-09-11 08:52:13,US0394831020,ADM,"Archer-Daniels-Midland",0.4120370000,0.43,USD,Not available,,,0.13,"GBP",0.03,USD,,,,,,
Dividend (Dividend),2024-09-11 08:59:13,US00123Q1040,AGNC,"AGNC Investment",2.5772240000,0.10,USD,Not available,,,0.20,"GBP",0.05,USD,,,,,,
Dividend (Dividend),2024-09-12 11:50:44,US5949181045,MSFT,"Microsoft",0.4226661000,0.64,USD,Not available,,,0.21,"GBP",0.05,USD,,,,,,
Dividend (Dividend),2024-09-12 12:05:17,US6935061076,PPG,"PPG Industries",0.2053533000,0.58,USD,Not available,,,0.09,"GBP",0.02,USD,,,,,,
Dividend (Dividend),2024-09-12 12:11:55,US88579Y1010,MMM,"3M",0.2095789000,0.60,USD,Not available,,,0.10,"GBP",0.02,USD,,,,,,
Dividend (Dividend),2024-09-13 11:19:56,GB00B24CGK77,RKT,"Reckitt Benckiser",0.4954520800,80.40,GBX,Not available,,,0.40,"GBP",0.00,GBX,,,,,,
Dividend (Dividend),2024-09-13 11:26:07,US56035L1044,MAIN,"Main Street Capital",1.0418460000,0.21,USD,Not available,,,0.17,"GBP",0.04,USD,,,,,,
Dividend (Dividend),2024-09-13 11:43:52,US7561091049,O,"Realty Income",2.4105630000,0.22,USD,Not available,,,0.41,"GBP",0.10,USD,,,,,,
Dividend (Dividend),2024-09-16 10:29:35,US65339F1012,NEE,"NextEra Energy",1.1898970000,0.44,USD,Not available,,,0.40,"GBP",0.09,USD,,,,,,
Dividend (Dividend),2024-09-16 10:36:56,US02079K1079,GOOG,"Alphabet (Class C)",1.0453501000,0.17,USD,Not available,,,0.14,"GBP",0.03,USD,,,,,,
Dividend (Dividend),2024-09-16 10:59:27,US85254J1025,STAG,"STAG Industrial",0.6538070000,0.10,USD,Not available,,,0.05,"GBP",0.01,USD,,,,,,
Dividend (Dividend),2024-09-17 12:35:05,US5801351017,MCD,"McDonald's",0.1925093000,1.42,USD,Not available,,,0.21,"GBP",0.05,USD,,,,,,
Dividend (Dividend),2024-09-19 10:48:34,US74348T1025,PSEC,"Prospect Capital",4.7694700000,0.05,USD,Not available,,,0.18,"GBP",0.04,USD,,,,,,
Dividend (Dividend),2024-09-20 09:31:20,GB0031348658,BARC,"Barclays",25.7335451000,2.90,GBX,Not available,,,0.75,"GBP",0.00,GBX,,,,,,
Dividend (Dividend),2024-09-20 09:37:06,JE00BJ1DLW90,EMG,"Man Group",16.0235422000,4.26,GBX,Not available,,,0.68,"GBP",0.00,GBX,,,,,,
Dividend (Dividend),2024-09-20 09:40:50,GB0007980591,BP,"BP",17.3671842000,6.05,GBX,Not available,,,1.05,"GBP",0.00,GBX,,,,,,
Dividend (Dividend),2024-09-20 09:47:38,GB00BLDRH360,OSB,"OSB Group",11.9327681000,10.70,GBX,Not available,,,1.28,"GBP",0.00,GBX,,,,,,
Dividend (Dividend),2024-09-24 08:14:15,US91324P1021,UNH,"UnitedHealth",0.1570722000,1.79,USD,Not available,,,0.21,"GBP",0.05,USD,,,,,,
Dividend (Dividend),2024-09-25 11:18:27,GB00BMBVGQ36,HBR,"Harbour Energy",19.4444400000,10.08,GBX,Not available,,,1.96,"GBP",0.00,GBX,,,,,,
Dividend (Dividend),2024-09-25 11:25:19,IE00B2NPKV68,SEMB,"iShares J.P. Morgan USD EM Bond (Dist)",0.5935336200,32.04,GBX,Not available,,,0.19,"GBP",-0.00,GBX,,,,,,
Dividend (Dividend),2024-09-25 11:32:02,IE00B42WWV65,VGOV,"Vanguard U.K. Gilt (Dist)",2.4056550000,0.05,GBP,Not available,,,0.12,"GBP",0.00,GBP,,,,,,
Dividend (Dividend),2024-09-25 11:46:41,IE00B3XXRP09,VUSA,"Vanguard S&P 500 (Dist)",1.9728110000,0.21,GBP,Not available,,,0.42,"GBP",-0.00,GBP,,,,,,
Dividend (Dividend),2024-09-25 12:11:22,IE00BDD48R20,VUSC,"Vanguard USD Corporate 1-3 Year Bond (Dist)",1.0643200000,0.17,EUR,Not available,,,0.15,"GBP",-0.00,EUR,,,,,,
Dividend (Dividend),2024-09-25 12:20:54,IE00BKX55T58,VEVE,"Vanguard FTSE Developed World (Dist)",2.0032690000,0.24,GBP,Not available,,,0.48,"GBP",-0.00,GBP,,,,,,
Dividend (Dividend),2024-09-26 09:10:11,GB0007188757,RIO,"Rio Tinto",0.8007843000,134.23,GBX,Not available,,,1.07,"GBP",0.00,GBX,,,,,,
Dividend (Dividend),2024-09-26 09:26:41,US30303M1027,META,"Meta Platforms",0.1902723000,0.43,USD,Not available,,,0.06,"GBP",0.01,USD,,,,,,
Dividend (Dividend),2024-09-27 12:29:58,GB0005603997,LGEN,"Legal & General",43.3043255000,6.00,GBX,Not available,,,2.60,"GBP",0.00,GBX,,,,,,
Dividend (Dividend),2024-09-27 12:59:25,US56035L1044,MAIN,"Main Street Capital",1.0418460000,0.26,USD,Not available,,,0.20,"GBP",0.05,USD,,,,,,
Dividend (Dividend),2024-09-27 13:03:43,US94106L1098,WM,"Waste Management",0.4397924000,0.64,USD,Not available,,,0.21,"GBP",0.05,USD,,,,,,
Dividend (Dividend),2024-09-27 13:12:17,US74144T1088,TROW,"T Rowe Price",0.4839646000,1.05,USD,Not available,,,0.38,"GBP",0.09,USD,,,,,,
Dividend (Dividend),2024-09-30 11:10:21,US7134481081,PEP,"PepsiCo",0.3054112000,1.15,USD,Not available,,,0.26,"GBP",0.06,USD,,,,,,
Dividend (Dividend),2024-09-30 11:29:56,US5021751020,LTC,"LTC Properties",1.4120120000,0.16,USD,Not available,,,0.17,"GBP",0.04,USD,,,,,,
Dividend (Dividend),2024-09-30 11:42:14,IE00BYXVWC37,STHS,"PIMCO US Short-Term High Yield Corporate Bond Index (Dist)",4.5314200000,0.06,GBP,Not available,,,0.29,"GBP",0.00,GBP,,,,,,
Dividend (Dividend),2024-09-30 11:44:25,IE00B7N3YW49,SSHY,"PIMCO US Short-Term High Yield Corporate Bond Index (Dist)",0.5581520000,0.51,GBP,Not available,,,0.28,"GBP",-0.00,GBP,,,,,,
Deposit,2024-10-01 07:49:25.674,,,,,,,,,,500.00,"GBP",,,,,"Transaction ID: 9d5d186a-1620-45cf-8ce9-64ceb8776c46",df707a24-a10d-4994-9f61-660ad40b6a25,,
Market buy,2024-10-01 07:52:22.607,IE00B2NPKV68,SEMB,"iShares J.P. Morgan USD EM Bond (Dist)",0.1583186700,6828.00,GBX,100.00000,,"GBP",10.81,"GBP",,,,,,EOF21256245390,,
Market buy,2024-10-01 07:52:23.701,IE00BDD48R20,VUSC,"Vanguard USD Corporate 1-3 Year Bond (Dist)",0.3014220000,44.77,EUR,1.20048,,"GBP",11.26,"GBP",,,,,,EOF21256245398,0.02,"GBP"
Market buy,2024-10-01 07:52:24.182,GB0002875804,BATS,"British American Tobacco",0.4217251800,2744.00,GBX,100.00000,,"GBP",11.63,"GBP",,,0.06,"GBP",,EOF21256245407,,
Market buy,2024-10-01 07:52:24.666,GB00BNNTLN49,PNN,"Pennon",1.9418764000,599.00,GBX,100.00000,,"GBP",11.69,"GBP",,,0.06,"GBP",,EOF21256245410,,
Market buy,2024-10-01 07:52:24.973,GB00B24CGK77,RKT,"Reckitt Benckiser",0.1668539800,4568.00,GBX,100.00000,,"GBP",7.66,"GBP",,,0.04,"GBP",,EOF21256245413,,
Market buy,2024-10-01 07:53:56.932,IE00B42WWV65,VGOV,"Vanguard U.K. Gilt (Dist)",0.6149680000,16.90,GBP,1.00000,,"GBP",10.39,"GBP",,,,,,EOF21256246231,,
Market buy,2024-10-01 07:53:56.953,IE00B7N3YW49,SSHY,"PIMCO US Short-Term High Yield Corporate Bond Index (Dist)",0.1578710000,71.64,GBP,1.00000,,"GBP",11.31,"GBP",,,,,,EOF21256246243,,
Market buy,2024-10-01 07:53:56.976,IE00BYXVWC37,STHS,"PIMCO US Short-Term High Yield Corporate Bond Index (Dist)",1.1036200000,9.07,GBP,1.00000,,"GBP",10.01,"GBP",,,,,,EOF21256246255,,
Dividend (Dividend),2024-10-01 10:41:45,US0530151036,ADP,"Automatic Data Processing",0.1990683000,1.19,USD,Not available,,,0.18,"GBP",0.04,USD,,,,,,
Dividend (Dividend),2024-10-01 10:53:28,US6541061031,NKE,"Nike",1.2255160000,0.31,USD,Not available,,,0.29,"GBP",0.07,USD,,,,,,
Market buy,2024-10-01 13:30:02.613,US14149Y1082,CAH,"Cardinal Health",0.1152223000,110.85,USD,1.33184,,"GBP",9.60,"GBP",,,,,,EOF21300396574,0.01,"GBP"
Market buy,2024-10-01 13:30:02.613,US56035L1044,MAIN,"Main Street Capital",0.3171940000,50.25,USD,1.33269,,"GBP",11.98,"GBP",,,,,,EOF21300396571,0.02,"GBP"
Market buy,2024-10-01 13:30:02.613,US1491231015,CAT,"Caterpillar",0.0239280000,392.00,USD,1.33235,,"GBP",7.05,"GBP",,,,,,EOF21300396568,0.01,"GBP"
Market buy,2024-10-01 13:30:02.613,IE00BTN1Y115,MDT,"Medtronic",0.1247600000,90.22,USD,1.33205,,"GBP",8.46,"GBP",,,,,,EOF21300396565,0.01,"GBP"
Market buy,2024-10-01 13:30:02.613,US0010551028,AFL,"Aflac",0.0913508000,112.00,USD,1.33219,,"GBP",7.69,"GBP",,,,,,EOF21300396559,0.01,"GBP"
Market buy,2024-10-01 13:30:02.613,US88579Y1010,MMM,"3M",0.0915003000,136.10,USD,1.33189,,"GBP",9.36,"GBP",,,,,,EOF21300396553,0.01,"GBP"
Market buy,2024-10-01 13:30:03.226,US5021751020,LTC,"LTC Properties",0.4416950000,36.93,USD,1.33266,,"GBP",12.26,"GBP",,,,,,EOF21300398929,0.02,"GBP"
Market buy,2024-10-01 13:30:03.226,US0530151036,ADP,"Automatic Data Processing",0.0465170000,278.30,USD,1.33186,,"GBP",9.73,"GBP",,,,,,EOF21300398926,0.01,"GBP"
Market buy,2024-10-01 13:30:03.226,US8718291078,SYY,"Sysco",0.1730010000,78.06,USD,1.33311,,"GBP",10.15,"GBP",,,,,,EOF21300398923,0.02,"GBP"
Market buy,2024-10-01 13:30:03.692,US9311421039,WMT,"Walmart",0.1210120000,80.70,USD,1.33228,,"GBP",7.34,"GBP",,,,,,EOF21301700764,0.01,"GBP"
Market buy,2024-10-01 13:30:03.692,CH0044328745,CB,"Chubb",0.0460428000,288.39,USD,1.33182,,"GBP",9.98,"GBP",,,,,,EOF21301700755,0.01,"GBP"
Market buy,2024-10-01 13:30:03.692,US4943681035,KMB,"Kimberly-Clark",0.1085542000,142.42,USD,1.33278,,"GBP",11.62,"GBP",,,,,,EOF21301700761,0.02,"GBP"
Market buy,2024-10-01 13:30:03.692,US0378331005,AAPL,"Apple",0.0545942000,229.57,USD,1.33190,,"GBP",9.42,"GBP",,,,,,EOF21301700758,0.01,"GBP"
Market buy,2024-10-01 13:30:04.098,US7134481081,PEP,"PepsiCo",0.0939019000,171.30,USD,1.33267,,"GBP",12.09,"GBP",,,,,,EOF21301702533,0.02,"GBP"
Market buy,2024-10-01 13:30:04.098,CA0641491075,BNS,"Bank of Nova Scotia",0.1438810000,54.65,USD,1.33272,,"GBP",5.91,"GBP",,,,,,EOF21301702530,0.01,"GBP"
Market buy,2024-10-01 13:30:04.098,US8552441094,SBUX,"Starbucks",0.0735510000,97.50,USD,1.33294,,"GBP",5.39,"GBP",,,,,,EOF21301702527,0.01,"GBP"
Market buy,2024-10-01 13:30:04.732,US74348T1025,PSEC,"Prospect Capital",2.8449700000,5.35,USD,1.33280,,"GBP",11.44,"GBP",,,,,,EOF21301704482,0.02,"GBP"
Market buy,2024-10-01 13:30:04.732,US4523081093,ITW,"Illinois Tool Works",0.0494897000,264.00,USD,1.33183,,"GBP",9.82,"GBP",,,,,,EOF21301704479,0.01,"GBP"
Market buy,2024-10-01 13:30:05.351,US00123Q1040,AGNC,"AGNC Investment",1.3571790000,10.46,USD,1.33296,,"GBP",10.67,"GBP",,,,,,EOF21301706539,0.02,"GBP"
Market buy,2024-10-01 13:30:05.351,US6703461052,NUE,"Nucor",0.1196543000,151.00,USD,1.33243,,"GBP",13.58,"GBP",,,,,,EOF21301706542,0.02,"GBP"
Market buy,2024-10-01 13:30:05.476,US46625H1005,JPM,"JPMorgan Chase & Co",0.0816209000,209.14,USD,1.33256,,"GBP",12.83,"GBP",,,,,,EOF21301707005,0.02,"GBP"
Market buy,2024-10-01 13:30:05.476,US4592001014,IBM,"IBM",0.0384090000,221.00,USD,1.33255,,"GBP",6.38,"GBP",,,,,,EOF21301707002,0.01,"GBP"
Market buy,2024-10-01 13:30:05.476,US5801351017,MCD,"McDonald's",0.0315390000,305.00,USD,1.33232,,"GBP",7.23,"GBP",,,,,,EOF21301707008,0.01,"GBP"
Market buy,2024-10-01 13:30:06.055,US0394831020,ADM,"Archer-Daniels-Midland",0.2224900000,59.63,USD,1.33203,,"GBP",9.97,"GBP",,,,,,EOF21301708873,0.01,"GBP"
Market buy,2024-10-01 13:30:06.17,CA0636711016,BMO,"Bank of Montreal",0.1371060000,90.44,USD,1.33188,,"GBP",9.32,"GBP",,,,,,EOF21301709102,0.01,"GBP"
Market buy,2024-10-01 13:30:06.17,US85254J1025,STAG,"STAG Industrial",0.4228080000,39.24,USD,1.33260,,"GBP",12.47,"GBP",,,,,,EOF21301709107,0.02,"GBP"
Market buy,2024-10-01 13:30:06.17,US7766961061,ROP,"Roper Technologies",0.0265306000,558.15,USD,1.33285,,"GBP",11.13,"GBP",,,,,,EOF21301709114,0.02,"GBP"
Market buy,2024-10-01 13:30:07.59,US3848021040,GWW,"WW Grainger",0.0116439700,1046.61,USD,1.33187,,"GBP",9.16,"GBP",,,,,,EOF21301710773,0.01,"GBP"
Market buy,2024-10-01 13:30:07.59,US6935061076,PPG,"PPG Industries",0.1024725000,133.99,USD,1.33303,,"GBP",10.32,"GBP",,,,,,EOF21301710770,0.02,"GBP"
Market buy,2024-10-01 13:30:08.085,US7561091049,O,"Realty Income",0.1971700000,63.36,USD,1.33184,,"GBP",9.39,"GBP",,,,,,EOF21301711229,0.01,"GBP"
Market buy,2024-10-01 13:30:08.313,US0394831020,ADM,"Archer-Daniels-Midland",0.0734670000,59.19,USD,1.33389,,"GBP",3.26,"GBP",,,,,,EOF21301711445,,
Market buy,2024-10-01 13:30:08.624,US4781601046,JNJ,"Johnson & Johnson",0.0952996000,162.50,USD,1.33271,,"GBP",11.64,"GBP",,,,,,EOF21301711623,0.02,"GBP"
Market buy,2024-10-01 13:30:08.981,US2910111044,EMR,"Emerson Electric",0.1449490000,109.96,USD,1.33265,,"GBP",11.98,"GBP",,,,,,EOF21301711988,0.02,"GBP"
Market buy,2024-10-01 13:30:09.187,CA7800871021,RY,"Royal Bank of Canada",0.0877048000,125.00,USD,1.33208,,"GBP",8.24,"GBP",,,,,,EOF21301712133,0.01,"GBP"
Market buy,2024-10-01 13:30:10.016,US74144T1088,TROW,"T Rowe Price",0.1410352000,108.77,USD,1.33278,,"GBP",11.53,"GBP",,,,,,EOF21301712370,0.02,"GBP"
Market buy,2024-10-01 13:30:12.996,US00206R1023,T,"AT&T",0.3824510000,21.95,USD,1.33250,,"GBP",6.31,"GBP",,,,,,EOF21301712773,0.01,"GBP"
Market buy,2024-10-01 13:30:22.568,US3546131018,BEN,"Franklin Resources",0.8979830000,20.18,USD,1.33244,,"GBP",13.62,"GBP",,,,,,EOF21301713683,0.02,"GBP"
Market buy,2024-10-01 13:30:35.199,US1667641005,CVX,"Chevron",0.1156954000,146.24,USD,1.33222,,"GBP",12.72,"GBP",,,,,,EOF21301714457,0.02,"GBP"
Market buy,2024-10-01 13:30:35.381,US2788651006,ECL,"Ecolab",0.0556093000,256.00,USD,1.33295,,"GBP",10.70,"GBP",,,,,,EOF21301714482,0.02,"GBP"
Market buy,2024-10-01 13:30:41.321,US8243481061,SHW,"Sherwin-Williams",0.0316701000,384.39,USD,1.33191,,"GBP",9.15,"GBP",,,,,,EOF21301714805,0.01,"GBP"
Market buy,2024-10-01 13:30:47.947,US3695501086,GD,"General Dynamics",0.0473580000,298.00,USD,1.33264,,"GBP",10.61,"GBP",,,,,,EOF21301715313,0.02,"GBP"
Market buy,2024-10-01 13:32:16.978,US7427181091,PG,"Procter & Gamble",0.0832648000,173.18,USD,1.33269,,"GBP",10.84,"GBP",,,,,,EOF21301718854,0.02,"GBP"
Market buy,2024-10-01 13:32:44.043,US5486611073,LOW,"Lowe's",0.0358685000,270.00,USD,1.33211,,"GBP",7.28,"GBP",,,,,,EOF21301719741,0.01,"GBP"
Dividend (Dividend),2024-10-02 09:56:41,US4943681035,KMB,"Kimberly-Clark",0.3691354000,1.04,USD,Not available,,,0.29,"GBP",0.07,USD,,,,,,
Dividend (Dividend),2024-10-04 11:33:54,CH0044328745,CB,"Chubb",0.1899682000,0.91,USD,Not available,,,0.13,"GBP",0.00,USD,,,,,,
Dividend (Property income distribution),2024-10-04 11:42:55,GB00BF0P7H59,SOHO,"Triple Point Social Housing Reit",164.3312190000,1.37,GBX,Not available,,,2.24,"GBP",0.00,GBX,,,,,,
Dividend (Dividend),2024-10-09 09:17:53,US00123Q1040,AGNC,"AGNC Investment",5.1416430000,0.10,USD,Not available,,,0.40,"GBP",0.09,USD,,,,,,
Dividend (Dividend),2024-10-10 09:04:32,GB00BN7SWP63,GSK,"GSK",3.9303874300,15.00,GBX,Not available,,,0.59,"GBP",0.00,GBX,,,,,,
Dividend (Dividend),2024-10-11 10:17:53,IE00BTN1Y115,MDT,"Medtronic",0.6298480000,0.53,USD,Not available,,,0.25,"GBP",0.11,USD,,,,,,
Dividend (Dividend),2024-10-11 10:22:59,US3546131018,BEN,"Franklin Resources",2.4791670000,0.26,USD,Not available,,,0.50,"GBP",0.12,USD,,,,,,
Dividend (Dividend),2024-10-11 10:31:41,US4523081093,ITW,"Illinois Tool Works",0.2097503000,1.28,USD,Not available,,,0.20,"GBP",0.05,USD,,,,,,
Dividend (Dividend),2024-10-15 12:38:43,US85254J1025,STAG,"STAG Industrial",1.3073450000,0.10,USD,Not available,,,0.11,"GBP",0.02,USD,,,,,,
Dividend (Dividend),2024-10-15 12:51:59,US2788651006,ECL,"Ecolab",0.2107200000,0.48,USD,Not available,,,0.08,"GBP",0.02,USD,,,,,,
Dividend (Dividend),2024-10-15 13:08:26,US7561091049,O,"Realty Income",2.4105630000,0.22,USD,Not available,,,0.41,"GBP",0.10,USD,,,,,,
Dividend (Dividend),2024-10-15 13:22:01,US14149Y1082,CAH,"Cardinal Health",0.4998840000,0.43,USD,Not available,,,0.16,"GBP",0.04,USD,,,,,,
Dividend (Dividend),2024-10-15 13:30:25,US56035L1044,MAIN,"Main Street Capital",1.3590400000,0.21,USD,Not available,,,0.22,"GBP",0.05,USD,,,,,,
Dividend (Dividend),2024-10-17 08:46:20,GB00BPQY8M80,AV,"Aviva",12.1351471000,11.90,GBX,Not available,,,1.44,"GBP",0.00,GBX,,,,,,